THE GIOI DI DONG;;thegioididong;the-gioi-di-dong512x512;the-gioi-di-dong512x256;https://www.google.com/?client=safari
FPTSHOP;;fptshop;fptshop512x512;fptshop512x256;https://www.google.com/?client=safari
VIETTELSTORE;BD5;viettelstore;viettel-store-2021512x512;viettel-store-2021512x256;https://www.google.com/?client=safari
PNJ;;pnj;pnj512x512;pnj512x256;
HOANG HA MOBILE;BD5;hoanghamobile;hoanghamobile512x512;hoanghamobile512x256;
CELLPHONES;;cellphones;cellphones512x512;cellphones512x256;
VETC;BD1;vetc;vetc512x512;vetc512x256;
GARENA;;garena;VED(Garena)512x512;VED(Garena)512x256;
AEON;;aeon;aeon512x512;aeon512x256;
MEDIAMART;;mediamart;mediamart512x512;mediamart512x256;
VNAIRLINES;BD1;vnairlines;VietnamAirlines512x512;VietnamAirlines512x256;
HESMANVN;;hesmanvn;HESMAN512x512;HESMAN512x256;
CON CUNG;BD3;concung;concung512x512;concung512x256;
NHATHUOCLONGCHAU;BD7;nhathuoclongchau;LongChau512x512;LongChau512x256;
GOLDEN GATE;BD5;goldengate;golden-gate512x512;golden-gate512x256;
YODY;;yody;yody-2020512x512;yody-2020512x256;
HOMECREDITVN;BD7;homecreditvn;Homecredit512x512;Homecredit512x256;
PHONGVU;;phongvu;phongvu-2020512x512;phongvu-2020512x256;
KIDSPLAZA;BD3;kidsplaza;kidsplaza512x512;kidsplaza512x256;
TOKYOLIFE;BD3;tokyolife;tokyolife512x512;tokyolife512x256;
MEGAMARKET;;megamarket;MEGAMARKET512x512;MEGAMARKET512x256;
TIKICORP;;tikicorp;tiki512x512;tiki512x256;
VNVC;BD1;vnvc;VNVC512x512;VNVC512x256;
PRUDENTIAL;;prudential;prudential512x512;prudential512x256;
HASAKI;BD6;hasaki;hasak512x512;hasak512x256;
VIETJET;BD1;vietjet;vietjetair512x512;vietjetair512x256;
BIG C THANG LONG;;bigcthanglong;big-c512x512;big-c512x256;
BambooAirways;BD1;bambooairways;bamboo-airways512x512;bamboo-airways512x256;
MAISONHN;;maisonhn;MAISON512x512;MAISON512x256;
VUANEMJSC;BD5;vuanemjsc;vua-nem512x512;vua-nem512x256;
LAN CHI LTD;BD3;lanchiltd;LANCHI512x512;LANCHI512x256;
BIBOMART;BD3;bibomart;bibomart512x512;bibomart512x256;
TH TRUE MART;BD6;thtruemart;th-true-mart512x512;th-true-mart512x256;
UEH;;ueh;UEH512x512;UEH512x256;
LOTTE MART;BD9;lottemart;lottemart512x512;lottemart512x256;
CANIFA;BD3;canifa;canifa512x512;canifa512x256;
LOTTE SHOPPING PLAZA;BD9;lotteshoppingplaza;Lotteshopping512x512;Lotteshopping512x256;
TAKASHIMAYA;;takashimaya;takashimaya512x512;takashimaya512x256;
VASCARA GLOBAL FASHION;;vascaraglobalfashion;VASCARA512x512;VASCARA512x256;
PHARMACITY;BD7;pharmacity;pharmacity512x512;pharmacity512x256;
PICO;BD5;pico;pico512x512;pico512x256;
ELISEFASHION;BD3;elisefashion;elise512x512;elise512x256;
FOODY CORP;;foodycorp;foody512x512;foody512x256;
VIETCREDIT;BD7;vietcredit;vietcredit512x512;vietcredit512x256;
COOPMART;;coopmart;coopmart512x512;coopmart512x256;
CIRCLEK;;circlek;circleK512x512;circleK512x256;
COOPMART EXTRA;;coopmartextra;Co.opMartExtra512x512;Co.opMartExtra512x256;
COCOLUX;BD3;cocolux;cocolux512x512;cocolux512x256;
BRG RETAIL;BD3;brgretail;brgmart512x512;brgmart512x256;
SAMMI SHOP;BD3;sammishop;sammishop512x512;sammishop512x256;
SUNWORLD;;sunworld;sunworld512x512;sunworld512x256;
VINPEARL;;vinpearl;vinpearl512x512;vinpearl512x256;
LOTTE CINEMA;;lottecinema;lottecinema512x512;lottecinema512x256;
GALAXY CINEMA;;galaxycinema;galaxycinema512x512;galaxycinema512x256;
METIZ CINEMA;;metizcinema;metiz512x512;metiz512x256;
BHD STAR;;bhdstar;BHDStarCineplex512x512;BHDStarCineplex512x256;
BETA CINEMAS;;betacinemas;BETACinemas512x512;BETACinemas512x256;
EPASS;BD1;epass;epass512x512;epass512x256;
AN NAM GOURMET;BD6;annamgourmet;ANNAMGOURMET512x512;ANNAMGOURMET512x256;
GUARDIAN;BD6;guardian;guardian512x512;guardian512x256;
PIZZAHUT;BD6;pizzahut;PizzaHut512x512;PizzaHut512x256;
PIZZA 4PS;BD6;pizza4ps;Pizza4PS512x512;Pizza4PS512x256;
THE PIZZA COMPANY;BD6;thepizzacompany;the-pizza-company512x512;the-pizza-company512x256;
THẾ GIỚI NƯỚC HOA;BD6;thegioinuochoa;Thegioinuochoa512x512;Thegioinuochoa512x256;
PHÚC LONG;BD6;phuclong;phuclong512x512;phuclong512x256;
NUTIFOOD;BD6;nutifood;nutifood512x512;nutifood512x256;
FAHASA;BD6;fahasa;fahasa512x512;fahasa512x256;
TOCO TOCO;BD6;tocotoco;ToCoToCo512x512;;
LOTTERIA;BD6;lotteria;Lotteria512x512;Lotteria512x256;
TOUS LES JOURS;BD6;touslesjours;TOUSLESJOURS512x512;TOUSLESJOURS512x256;
TRUNG NGUYÊN;BD6;trungnguyen;trung-nguyen-legends512x512;trung-nguyen-legends512x256;
KATINAT;BD6;katinat;katinat512x512;katinat512x256;
PHƯƠNG NAM;BD6;phuongnam;NhasachPhuongNam512x512;NhasachPhuongNam512x256;
MEDICARE;BD6;medicare;medicare512x512;medicare512x256;
VNSHOP;BD6;vnshop;vnshop512x512;vnshop512x256;
PHONG VU;BD6;phongvu;phongvu-2020512x512;phongvu-2020512x256;
VNTRAVEL;BD6;vntravel;vntravel-group512x512;vntravel-group512x256;
FUJIMART;BD6;fujimart;fujimart512x512;fujimart512x256;
SAKUKO;BD6;sakuko;Sakuko512x512;Sakuko512x256;